item_name,category,size,price,quantity_sold
Caffe Latte,Espresso Drink,Medium,4.50,38
Cold Brew,Cold Coffee,Large,4.25,52
Blueberry Muffin,Bakery,Regular,3.25,21
Green Tea,Tea,Medium,3.00,17
Caramel Macchiato,Espresso Drink,Large,5.25,44
Iced Matcha Latte,Tea,Medium,5.00,29
Croissant,Bakery,Regular,3.50,19
Americano,Espresso Drink,Small,3.25,33
Chai Latte,Tea,Medium,4.25,25
Cappuccino,Espresso Drink,Medium,4.00,31
Chocolate Chip Cookie,Bakery,Regular,2.75,40
Nitro Cold Brew,Cold Coffee,Medium,4.75,22
Hot Chocolate,Specialty Drink,Medium,3.75,16
Bagel with Cream Cheese,Bakery,Regular,3.95,27
Iced Americano,Espresso Drink,Large,3.75,36