Name,Year,Runtime,Rating,Certificate,Genre
The Shawshank Redemption,1994,142,9.3,R,Drama
The Godfather,1972,175,9.2,R,Crime
The Dark Knight,2008,152,9.1,PG-13,Action
The Godfather Part II,1974,202,9.0,R,Crime
The Lord of the Rings: The Return of the King,2003,201,9.0,PG-13,Adventure
12 Angry Men,1957,96,9.0,Approved,Drama
Schindler's List,1993,196,9.0,R,Drama
The Matrix,1999,136,8.7,R,Sci-Fi
Pulp Fiction,1994,154,8.8,R,Crime
GoodFellas,1990,145,8.7,R,Crime
"The Good, the Bad and the Ugly",1966,178,8.8,R,Western
Forrest Gump,1994,142,8.8,PG-13,Drama
Fight Club,1999,139,8.8,R,Drama
Inception,2010,148,8.8,PG-13,Sci-Fi
Star Wars: Episode V - The Empire Strikes Back,1980,124,8.7,PG,Sci-Fi